Categoria Ricerca;Nome Attività;Telefono;Email;Sito Web;Link Google Maps
parrucchieri Reggio Calabria;N/D;N/D;Non trovata;N/D;https://www.google.com/maps/place/%F0%9F%92%87%E2%80%8D%E2%99%80%EF%B8%8F+TOCCHI+DI+BELLEZZA+%F0%9F%91%89+%E2%80%8D+I+Migliori+Parrucchieri+a+Reggio+Calabria/data=!4m7!3m6!1s0x13145a6316527ce9:0x9ba01b6a52a75291!8m2!3d38.0877824!4d15.6451121!16s%2Fg%2F11bt_mgc18!19sChIJ6XxSFmNaFBMRkVKnUmoboJs?authuser=0&hl=it&g_ep=EgoyMDI2MDkyNy4wIJJjKgBIAVAD&rclk=1
parrucchieri Reggio Calabria;Hairfashion 2.0;0965 189 4740;Non trovata;N/D;https://www.google.com/maps/place/Hairfashion+2.0/data=!4m7!3m6!1s0x131451f1b9a8ad43:0xa73e456235eb994f!8m2!3d38.102799!4d15.648601!16s%2Fg%2F11yp44m2c9!19sChIJQ62oufFRFBMRT5nrNWJFPqc?authuser=0&hl=it&g_ep=EgoyMDI2MDkyNy4xIJJjKgBIAVAD&rclk=1
parrucchieri Reggio Calabria;💇‍♀️ TOCCHI DI BELLEZZA 👉 ‍ I Migliori Parrucchieri a Reggio Calabria;0965 172 1180;Non trovata;http://www.tocchidibellezza.com/;https://www.google.com/maps/place/%F0%9F%92%87%E2%80%8D%E2%99%80%EF%B8%8F+TOCCHI+DI+BELLEZZA+%F0%9F%91%89+%E2%80%8D+I+Migliori+Parrucchieri+a+Reggio+Calabria/data=!4m7!3m6!1s0x13145a6316527ce9:0x9ba01b6a52a75291!8m2!3d38.0877824!4d15.6451121!16s%2Fg%2F11bt_mgc18!19sChIJ6XxSFmNaFBMRkVKnUmoboJs?authuser=0&hl=it&g_ep=EgoyMDI2MDkyNy4xIJJjKgBIAVAD&rclk=1
parrucchieri Reggio Calabria;Compagnia delle bellezza Gaetano e Alessio snc;0965 817967;info@gaetanoealessiocompagniadellabellezza.it;http://www.gaetanoealessiocompagniadellabellezza.it/;https://www.google.com/maps/place/Compagnia+delle+bellezza+Gaetano+e+Alessio+snc/data=!4m7!3m6!1s0x131451a70d76e757:0xc664f1dc48d4aa9e!8m2!3d38.1062597!4d15.6500385!16s%2Fg%2F1tfvq5ny!19sChIJV-d2DadRFBMRnqrUSNzxZMY?authuser=0&hl=it&g_ep=EgoyMDI2MDkyNy4xIJJjKgBIAVAD&rclk=1
parrucchieri Reggio Calabria;Compagnia della bellezza Giuseppe Rotilio;0965 811611;Non trovata;N/D;https://www.google.com/maps/place/Compagnia+della+bellezza+Giuseppe+Rotilio/data=!4m7!3m6!1s0x1314508ee5e91975:0xa63b97a5f0888b9c!8m2!3d38.1124787!4d15.6491834!16s%2Fg%2F12hnnvght!19sChIJdRnp5Y5QFBMRnIuI8KWXO6Y?authuser=0&hl=it&g_ep=EgoyMDI2MDkyNy4xIJJjKgBIAVAD&rclk=1
parrucchieri Reggio Calabria;Elegance Hair Style Di Chirico Luana;340 840 8045;Non trovata;https://www.treatwell.it/salone/elegance-hair-style/;https://www.google.com/maps/place/Elegance+Hair+Style+Di+Chirico+Luana/data=!4m7!3m6!1s0x1314512a97a5d103:0xfa54f74b6f3ef399!8m2!3d38.159026!4d15.655985!16s%2Fg%2F11gsn7v1yn!19sChIJA9GllypRFBMRmfM-b0v3VPo?authuser=0&hl=it&g_ep=EgoyMDI2MDkyNy4xIJJjKgBIAVAD&rclk=1
parrucchieri Reggio Calabria;LUX PARRUCCHIERI - La Spa del Capello;340 985 4503;Non trovata;N/D;https://www.google.com/maps/place/LUX+PARRUCCHIERI+-+La+Spa+del+Capello/data=!4m7!3m6!1s0x131450801303f473:0x96d3dfd4f6e8cb97!8m2!3d38.0999141!4d15.6425547!16s%2Fg%2F11h3ytj0n9!19sChIJc_QDE4BQFBMRl8vo9tTf05Y?authuser=0&hl=it&g_ep=EgoyMDI2MDkyNy4xIJJjKgBIAVAD&rclk=1
parrucchieri Reggio Calabria;Officina dello Stile - I parrucchieri;345 159 9528;Non trovata;N/D;https://www.google.com/maps/place/Officina+dello+Stile+-+I+parrucchieri/data=!4m7!3m6!1s0x13145a05408a1a97:0x33ffd57e7234c2a6!8m2!3d38.0856746!4d15.6777474!16s%2Fg%2F1tnkhzqf!19sChIJlxqKQAVaFBMRpsI0cn7V_zM?authuser=0&hl=it&g_ep=EgoyMDI2MDkyNy4xIJJjKgBIAVAD&rclk=1
parrucchieri Reggio Calabria;Semplicemente Donna di Antonella Crucitti;349 290 8435;Info@semplicementedonnarc.it, info@semplicementedonnarc.it;https://www.semplicementedonnarc.it/;https://www.google.com/maps/place/Semplicemente+Donna+di+Antonella+Crucitti/data=!4m7!3m6!1s0x1314516fc3fe3bbd:0x8dfdc8e86ed20914!8m2!3d38.1688922!4d15.6540749!16s%2Fg%2F11bzs401h7!19sChIJvTv-w29RFBMRFAnSbujI_Y0?authuser=0&hl=it&g_ep=EgoyMDI2MDkyNy4xIJJjKgBIAVAD&rclk=1
parrucchieri Reggio Calabria;Experience BarberShop;0965 899286;Non trovata;https://www.instagram.com/experience_barbershoprc?igsh=NjIxOGp1cW1qdGEy&utm_source=qr;https://www.google.com/maps/place/Experience+BarberShop/data=!4m7!3m6!1s0x1314508fabbf3dcd:0xe1f2043b3f3578be!8m2!3d38.1114775!4d15.650398!16s%2Fg%2F11c575d701!19sChIJzT2_q49QFBMRvng1PzsE8uE?authuser=0&hl=it&g_ep=EgoyMDI2MDkyNy4xIJJjKgBIAVAD&rclk=1
parrucchieri Reggio Calabria;CR Hair Salon di Carmen Reitano;0965 189 0573;Non trovata;https://www.facebook.com/CR-Hair-Salon-178972029404809/;https://www.google.com/maps/place/CR+Hair+Salon+di+Carmen+Reitano/data=!4m7!3m6!1s0x1314508f33070421:0x8862d7a44c131a3c!8m2!3d38.117143!4d15.6517826!16s%2Fg%2F11f5dbvg7x!19sChIJIQQHM49QFBMRPBoTTKTXYog?authuser=0&hl=it&g_ep=EgoyMDI2MDkyNy4xIJJjKgBIAVAD&rclk=1
parrucchieri Reggio Calabria;Colorist hair GS;0965 020155;Non trovata;http://coloristhair.it/;https://www.google.com/maps/place/Colorist+hair+GS/data=!4m7!3m6!1s0x13145b5301419439:0x29bdc6a0f09aadbf!8m2!3d38.0811815!4d15.6513082!16s%2Fg%2F11lw02cy_s!19sChIJOZRBAVNbFBMRv62a8KDGvSk?authuser=0&hl=it&g_ep=EgoyMDI2MDkyNy4xIJJjKgBIAVAD&rclk=1
parrucchieri Reggio Calabria;Lhab;0965 22981;marinobrigida@yahoo.it, stileunicos1@gmail.com;https://www.luxuryhairboutique.it/;https://www.google.com/maps/place/Lhab/data=!4m7!3m6!1s0x1314507ddf3b995b:0xe073fd0a8d6bba97!8m2!3d38.1055327!4d15.6395449!16s%2Fg%2F11cjj9jsmk!19sChIJW5k7331QFBMRl7prjQr9c-A?authuser=0&hl=it&g_ep=EgoyMDI2MDkyNy4xIJJjKgBIAVAD&rclk=1
parrucchieri Reggio Calabria;HAIR NATURE;0965 812327;Non trovata;http://www.checapelli.it/;https://www.google.com/maps/place/HAIR+NATURE/data=!4m7!3m6!1s0x1314507f3896426b:0x8626e95290d5c5bd!8m2!3d38.102066!4d15.6363882!16s%2Fg%2F11dxx3260b!19sChIJa0KWOH9QFBMRvcXVkFLpJoY?authuser=0&hl=it&g_ep=EgoyMDI2MDkyNy4xIJJjKgBIAVAD&rclk=1
parrucchieri Reggio Calabria;Estro Parrucchieri;0965 189 1881;Non trovata;N/D;https://www.google.com/maps/place/Estro+Parrucchieri/data=!4m7!3m6!1s0x13145a86c9028995:0x647affe79f74745c!8m2!3d38.0950001!4d15.637208!16s%2Fg%2F1pp2ty6__!19sChIJlYkCyYZaFBMRXHR0n-f_emQ?authuser=0&hl=it&g_ep=EgoyMDI2MDkyNy4xIJJjKgBIAVAD&rclk=1
parrucchieri Reggio Calabria;Santo Pratico' Parrucchieri;331 120 3416;Non trovata;N/D;https://www.google.com/maps/place/Santo+Pratico%27+Parrucchieri/data=!4m7!3m6!1s0x131450ef90d033af:0x7f900b56df26674e!8m2!3d38.1274248!4d15.6548935!16s%2Fg%2F1tk40k8q!19sChIJrzPQkO9QFBMRTmcm31YLkH8?authuser=0&hl=it&g_ep=EgoyMDI2MDkyNy4xIJJjKgBIAVAD&rclk=1
Centri Estetici reggio calabria, Estetista Reggio Calabria;EsteticaInMente | Centro Estetico a Reggio Calabria Centro;0965 895553;Non trovata;https://esteticainmentesrl.it/;https://www.google.com/maps/place/EsteticaInMente+%7C+Centro+Estetico+a+Reggio+Calabria+Centro/data=!4m7!3m6!1s0x13145086d8057fa1:0xc94deaa25f7c80e4!8m2!3d38.1030542!4d15.6485499!16s%2Fg%2F1hc0yys97!19sChIJoX8F2IZQFBMR5IB8X6LqTck?authuser=0&hl=it&g_ep=EgoyMDI2MDkyNy4xIJJjKgBIAVAD&rclk=1
Centri Estetici reggio calabria, Estetista Reggio Calabria;Beauty Elite;340 156 1253;Non trovata;https://www.facebook.com/centrobeautyelite/;https://www.google.com/maps/place/Beauty+Elite/data=!4m7!3m6!1s0x131450802c2729d7:0x45d6682e738ad668!8m2!3d38.0940812!4d15.6436468!16s%2Fg%2F11bzs3dwjk!19sChIJ1yknLIBQFBMRaNaKcy5o1kU?authuser=0&hl=it&g_ep=EgoyMDI2MDkyNy4xIJJjKgBIAVAD&rclk=1
Centri Estetici reggio calabria, Estetista Reggio Calabria;Esteta di Sabrina Caridi;340 677 4943;estetasc@gmail.com;https://centroesteta.it/;https://www.google.com/maps/place/Esteta+di+Sabrina+Caridi/data=!4m7!3m6!1s0x13145a7ac1e2e673:0xe0162af6223037e4!8m2!3d38.0894988!4d15.6510991!16s%2Fg%2F11fylpprtb!19sChIJc-biwXpaFBMR5DcwIvYqFuA?authuser=0&hl=it&g_ep=EgoyMDI2MDkyNy4xIJJjKgBIAVAD&rclk=1
Centri Estetici reggio calabria, Estetista Reggio Calabria;Sensi Estetica e Dimagrimento;0965 020497;Non trovata;https://sensiestetica.com/;https://www.google.com/maps/place/Sensi+Estetica+e+Dimagrimento/data=!4m7!3m6!1s0x131451f26d9e1e35:0x6220fb0a9f24e069!8m2!3d38.1164717!4d15.6551601!16s%2Fg%2F11smntpxc6!19sChIJNR6ebfJRFBMRaeAknwr7IGI?authuser=0&hl=it&g_ep=EgoyMDI2MDkyNy4xIJJjKgBIAVAD&rclk=1
Centri Estetici reggio calabria, Estetista Reggio Calabria;Centro Estetico Beauty & Relax;0965 813228;Non trovata;N/D;https://www.google.com/maps/place/Centro+Estetico+Beauty+%26+Relax/data=!4m7!3m6!1s0x1314508d3f8159b5:0xe8b07eb42d7f7730!8m2!3d38.1197652!4d15.6519291!16s%2Fg%2F1tj59wzt!19sChIJtVmBP41QFBMRMHd_LbR-sOg?authuser=0&hl=it&g_ep=EgoyMDI2MDkyNy4xIJJjKgBIAVAD&rclk=1
Centri Estetici reggio calabria, Estetista Reggio Calabria;Centro Estetico di Anna Praticò Reggio Calabria;348 764 1144;Non trovata;http://www.centroesteticoannapratico.it/;https://www.google.com/maps/place/Centro+Estetico+di+Anna+Pratic%C3%B2+Reggio+Calabria/data=!4m7!3m6!1s0x13145a6bf2de6a6b:0xe460667eb7ecb4ac!8m2!3d38.0877021!4d15.6542165!16s%2Fg%2F1tg97x1q!19sChIJa2re8mtaFBMRrLTst35mYOQ?authuser=0&hl=it&g_ep=EgoyMDI2MDkyNy4xIJJjKgBIAVAD&rclk=1
Centri Estetici reggio calabria, Estetista Reggio Calabria;Studio Rinascita RC Aeroporto | Centro Estetico Reggio Calabria;0965 630391;Non trovata;http://www.studiorinascita.it/;https://www.google.com/maps/place/Studio+Rinascita+RC+Aeroporto+%7C+Centro+Estetico+Reggio+Calabria/data=!4m7!3m6!1s0x13145a5d5603c9e5:0x7cd825f49e01a1e2!8m2!3d38.0778186!4d15.6526726!16s%2Fg%2F1tjh1gq1!19sChIJ5ckDVl1aFBMR4qEBnvQl2Hw?authuser=0&hl=it&g_ep=EgoyMDI2MDkyNy4xIJJjKgBIAVAD&rclk=1
Centri Estetici reggio calabria, Estetista Reggio Calabria;Centro Estetico Effetto Donna;0965 899920;Non trovata;N/D;https://www.google.com/maps/place/Centro+Estetico+Effetto+Donna/data=!4m7!3m6!1s0x131450876a2aeab7:0x6aa1ac6660eed03a!8m2!3d38.1064322!4d15.6423267!16s%2Fg%2F1tsq8051!19sChIJt-oqaodQFBMROtDuYGasoWo?authuser=0&hl=it&g_ep=EgoyMDI2MDkyNy4xIJJjKgBIAVAD&rclk=1
Centri Estetici reggio calabria, Estetista Reggio Calabria;Centro estetico Soffio di Bellezza di Domenica Fortugno;327 789 9940;Non trovata;N/D;https://www.google.com/maps/place/Centro+estetico+Soffio+di+Bellezza+di+Domenica+Fortugno/data=!4m7!3m6!1s0x13145b90303ee17d:0xae50f2a11c2a7472!8m2!3d38.0446449!4d15.6558405!16s%2Fg%2F11b6jgh92w!19sChIJfeE-MJBbFBMRcnQqHKHyUK4?authuser=0&hl=it&g_ep=EgoyMDI2MDkyNy4xIJJjKgBIAVAD&rclk=1
Centri Estetici reggio calabria, Estetista Reggio Calabria;Studio Rinascita RC Pellaro | Centro Estetico Reggio Calabria;0965 358250;Non trovata;http://www.studiorinascita.it/;https://www.google.com/maps/place/Studio+Rinascita+RC+Pellaro+%7C+Centro+Estetico+Reggio+Calabria/data=!4m7!3m6!1s0x13145b85061d8c85:0x192f5ef6bbe38abc!8m2!3d38.0242643!4d15.6508069!16s%2Fg%2F1td6jwqx!19sChIJhYwdBoVbFBMRvIrju_ZeLxk?authuser=0&hl=it&g_ep=EgoyMDI2MDkyNy4xIJJjKgBIAVAD&rclk=1
Centri Estetici reggio calabria, Estetista Reggio Calabria;Centro Estetico Venus;327 069 7835;info@venusbenessere.it;https://venusbenessere.it/;https://www.google.com/maps/place/Centro+Estetico+Venus/data=!4m7!3m6!1s0x131451afc17c5455:0xec8a7d1990020846!8m2!3d38.1090025!4d15.6461784!16s%2Fg%2F11l2mcgvvf!19sChIJVVR8wa9RFBMRRggCkBl9iuw?authuser=0&hl=it&g_ep=EgoyMDI2MDkyNy4xIJJjKgBIAVAD&rclk=1
Centri Estetici reggio calabria, Estetista Reggio Calabria;Melania Festa Beauty Studio Centro estetico Identity Lab;329 234 1008;Non trovata;https://www.facebook.com/identitylabreggiocalabria;https://www.google.com/maps/place/Melania+Festa+Beauty+Studio+Centro+estetico+Identity+Lab/data=!4m7!3m6!1s0x1314513daf9ec753:0xcd5e05ae753e3410!8m2!3d38.1167211!4d15.6607818!16s%2Fg%2F11h714w403!19sChIJU8eerz1RFBMREDQ-da4FXs0?authuser=0&hl=it&g_ep=EgoyMDI2MDkyNy4xIJJjKgBIAVAD&rclk=1
Centri Estetici reggio calabria, Estetista Reggio Calabria;Antonella Palmisano Skin Clinic;0965 898552;Non trovata;https://treatwellpro.uala.it/;https://www.google.com/maps/place/Antonella+Palmisano+Skin+Clinic/data=!4m7!3m6!1s0x1314515f984bcba7:0xa91cb7182c268232!8m2!3d38.11026!4d15.6461582!16s%2Fg%2F11h081ch81!19sChIJp8tLmF9RFBMRMoImLBi3HKk?authuser=0&hl=it&g_ep=EgoyMDI2MDkyNy4xIJJjKgBIAVAD&rclk=1
Centri Estetici reggio calabria, Estetista Reggio Calabria;Centro Estetico Giusi Polito;0965 373810;Non trovata;N/D;https://www.google.com/maps/place/Centro+Estetico+Giusi+Polito/data=!4m7!3m6!1s0x13145167a234b77d:0x8ad44de5e6ba353f!8m2!3d38.1716078!4d15.6627772!16s%2Fg%2F1thknm5m!19sChIJfbc0omdRFBMRPzW65uVN1Io?authuser=0&hl=it&g_ep=EgoyMDI2MDkyNy4xIJJjKgBIAVAD&rclk=1
Centri Estetici reggio calabria, Estetista Reggio Calabria;Sunrise Estetica & Benessere;320 326 0730;Non trovata;https://esteticasunrisereggiocalabria.it/;https://www.google.com/maps/place/Sunrise+Estetica+%26+Benessere/data=!4m7!3m6!1s0x131450988573ea53:0x88dc4d8eb80ec6ff!8m2!3d38.1034072!4d15.6671035!16s%2Fg%2F11b7fybdc_!19sChIJU-pzhZhQFBMR_8YOuI5N3Ig?authuser=0&hl=it&g_ep=EgoyMDI2MDkyNy4xIJJjKgBIAVAD&rclk=1
